"Series","Model","AIC","BIC","Ljung_Box_pvalue","SSE","RMSE","MAE"
"log(TLB)","ARIMA(0,1,0)",-140.938493334366,-138.987249615784,0.558006293642584,0.192542323038675,0.126669623772064,0.10231681428952
"log(TLB)","ARIMA(0,1,1)",-139.267197928121,-135.364710490958,0.55434071029442,0.177140811434507,0.121497877702489,0.0958398204610633
"log(TLB)","ARIMA(1,1,0)",-139.225328115291,-135.322840678129,0.530223347661581,0.180326023757462,0.122585352495537,0.0972067358450417
"log(TLB)","ARIMA(0,1,0)(0,1,1)[12]",-109.538552054195,-106.160793145967,0.249193981818641,0.0616010139407991,0.0716478738581957,0.0595897506983663
"log(TLB)","ARIMA(1,1,0)(0,1,1)[12]",-109.214017855077,-104.147379492736,0.145501059920611,0.0624217775020487,0.0721236077289357,0.0608324436478718
"log(TLB)","ARIMA(0,1,0)(1,1,0)[12]",-103.798151739804,-100.420392831576,0.0910154037549852,0.0862157423638549,0.084762286407269,0.0747290835181434
"log(TLB)","auto.arima",-140.938493334366,-138.987249615784,0.558006293642584,0.192542323038675,0.126669623772064,0.10231681428952
